	PassengerId	Survived	Pclass	Sex	Age	SibSp	Parch	Fare	Embarked	ship	Deck	Title
0	1	False	3	0	22	1	0	7.0	0	Titanic	8	1.0
1	2	True	1	1	38	1	0	71.0	1	Titanic	3	3.0
2	3	True	3	1	26	0	0	7.0	0	Titanic	8	2.0
3	4	True	1	1	35	1	0	53.0	0	Titanic	3	3.0
4	5	False	3	0	35	0	0	8.0	0	Titanic	8	1.0
5	6	False	3	0	36	0	0	8.0	2	Titanic	8	1.0
6	7	False	1	0	54	0	0	51.0	0	Titanic	5	1.0
7	8	False	3	0	2	3	1	21.0	0	Titanic	8	4.0
8	9	True	3	1	27	0	2	11.0	0	Titanic	8	3.0
9	10	True	2	1	14	1	0	30.0	1	Titanic	8	3.0
10	11	True	3	1	4	1	1	16.0	0	Titanic	7	2.0
11	12	True	1	1	58	0	0	26.0	0	Titanic	3	2.0
12	13	False	3	0	20	0	0	8.0	0	Titanic	8	1.0
13	11	True	3	1	4	1	1	16.0	0	Titanic	7	2.0
14	15	False	3	1	14	0	0	7.0	0	Titanic	8	2.0
15	16	True	2	1	55	0	0	16.0	0	Titanic	8	3.0
16	17	False	3	0	2	4	1	29.0	2	Titanic	8	4.0
17	18	True	2	0	42	0	0	13.0	0	Titanic	8	1.0
18	19	False	3	1	31	1	0	18.0	0	Titanic	8	3.0
19	20	True	3	1	28	0	0	7.0	1	Titanic	8	3.0
20	21	False	2	0	35	0	0	26.0	0	Titanic	8	1.0
21	22	True	2	0	34	0	0	13.0	0	Titanic	4	1.0
22	23	True	3	1	15	0	0	8.0	2	Titanic	8	2.0
23	11	True	3	1	4	1	1	16.0	0	Titanic	7	2.0
24	25	False	3	1	8	3	1	21.0	0	Titanic	8	2.0
25	26	True	3	1	38	1	5	31.0	0	Titanic	8	3.0
26	27	False	3	0	15	0	0	7.0	1	Titanic	8	1.0
27	28	False	1	0	19	3	2	263.0	0	Titanic	3	1.0
28	29	True	3	1	30	0	0	7.0	2	Titanic	8	2.0
29	30	False	3	0	19	0	0	7.0	0	Titanic	8	1.0
30	31	False	1	0	40	0	0	27.0	1	Titanic	8	5.0
31	32	True	1	1	0	1	0	146.0	1	Titanic	2	3.0
32	33	True	3	1	31	0	0	7.0	2	Titanic	8	2.0
33	34	False	2	0	66	0	0	10.0	0	Titanic	8	1.0
34	35	False	1	0	28	1	0	82.0	1	Titanic	8	1.0
35	36	False	1	0	42	1	0	52.0	0	Titanic	8	1.0
36	37	True	3	0	16	0	0	7.0	1	Titanic	8	1.0
37	38	False	3	0	21	0	0	8.0	0	Titanic	8	1.0
38	39	False	3	1	18	2	0	18.0	0	Titanic	8	2.0
39	40	True	3	1	14	1	0	11.0	1	Titanic	8	2.0
40	41	False	3	1	40	1	0	9.0	0	Titanic	8	3.0
41	42	False	2	1	27	1	0	21.0	0	Titanic	8	3.0
42	43	False	3	0	22	0	0	7.0	1	Titanic	8	1.0
43	44	True	2	1	3	1	2	41.0	1	Titanic	8	2.0
44	45	True	3	1	19	0	0	7.0	2	Titanic	8	2.0
45	46	False	3	0	42	0	0	8.0	0	Titanic	8	1.0
46	47	False	3	0	22	1	0	15.0	2	Titanic	8	1.0
47	48	True	3	1	14	0	0	7.0	2	Titanic	8	2.0
48	49	False	3	0	34	2	0	21.0	1	Titanic	8	1.0
49	50	False	3	1	18	1	0	17.0	0	Titanic	8	3.0
50	51	False	3	0	7	4	1	39.0	0	Titanic	8	4.0
51	52	False	3	0	21	0	0	7.0	0	Titanic	8	1.0
52	53	True	1	1	49	1	0	76.0	1	Titanic	4	3.0
53	54	True	2	1	29	1	0	26.0	0	Titanic	8	3.0
54	55	False	1	0	65	0	1	61.0	1	Titanic	2	1.0
55	56	True	1	0	27	0	0	35.0	0	Titanic	3	1.0
56	57	True	2	1	21	0	0	10.0	0	Titanic	8	2.0
57	58	False	3	0	28	0	0	7.0	1	Titanic	8	1.0
58	59	True	2	1	5	1	2	27.0	0	Titanic	8	2.0
59	60	False	3	0	11	5	2	46.0	0	Titanic	8	4.0
60	61	False	3	0	22	0	0	7.0	1	Titanic	8	1.0
61	62	True	1	1	38	0	0	80.0	0	Titanic	2	2.0
62	63	False	1	0	45	1	0	83.0	0	Titanic	3	1.0
63	64	False	3	0	4	3	2	27.0	0	Titanic	8	4.0
64	65	False	1	0	40	0	0	27.0	1	Titanic	8	1.0
65	66	True	3	0	29	1	1	15.0	1	Titanic	8	4.0
66	67	True	2	1	29	0	0	10.0	0	Titanic	6	3.0
67	68	False	3	0	19	0	0	8.0	0	Titanic	8	1.0
68	69	True	3	1	17	4	2	7.0	0	Titanic	8	2.0
69	70	False	3	0	26	2	0	8.0	0	Titanic	8	1.0
70	71	False	2	0	32	0	0	10.0	0	Titanic	8	1.0
71	72	False	3	1	16	5	2	46.0	0	Titanic	8	2.0
72	73	False	2	0	21	0	0	73.0	0	Titanic	8	1.0
73	74	False	3	0	26	1	0	14.0	1	Titanic	8	1.0
74	75	True	3	0	32	0	0	56.0	0	Titanic	8	1.0
75	76	False	3	0	25	0	0	7.0	0	Titanic	6	1.0
76	77	False	3	0	35	0	0	7.0	0	Titanic	8	1.0
77	78	False	3	0	15	0	0	8.0	0	Titanic	8	1.0
78	79	True	2	0	0	0	2	29.0	0	Titanic	8	4.0
79	80	True	3	1	30	0	0	12.0	0	Titanic	8	2.0
80	81	False	3	0	22	0	0	9.0	0	Titanic	8	1.0
81	82	True	3	0	29	0	0	9.0	0	Titanic	8	1.0
82	83	True	3	1	31	0	0	7.0	2	Titanic	8	2.0
83	84	False	1	0	28	0	0	47.0	0	Titanic	8	1.0
84	85	True	2	1	17	0	0	10.0	0	Titanic	8	2.0
85	86	True	3	1	33	3	0	15.0	0	Titanic	8	3.0
86	87	False	3	0	16	1	3	34.0	0	Titanic	8	1.0
87	88	False	3	0	43	0	0	8.0	0	Titanic	8	1.0
88	89	True	1	1	23	3	2	263.0	0	Titanic	3	2.0
89	90	False	3	0	24	0	0	8.0	0	Titanic	8	1.0
90	91	False	3	0	29	0	0	8.0	0	Titanic	8	1.0
91	92	False	3	0	20	0	0	7.0	0	Titanic	8	1.0
92	93	False	1	0	46	1	0	61.0	0	Titanic	5	1.0
93	94	False	3	0	26	1	2	20.0	0	Titanic	8	1.0
94	95	False	3	0	59	0	0	7.0	0	Titanic	8	1.0
95	96	False	3	0	30	0	0	8.0	0	Titanic	8	1.0
96	97	False	1	0	71	0	0	34.0	1	Titanic	1	1.0
97	98	True	1	0	23	0	1	63.0	1	Titanic	4	1.0
98	99	True	2	1	34	0	1	23.0	0	Titanic	8	3.0
99	100	False	2	0	34	1	0	26.0	0	Titanic	8	1.0
100	101	False	3	1	28	0	0	7.0	0	Titanic	8	2.0
101	102	False	3	0	31	0	0	7.0	0	Titanic	8	1.0
102	103	False	1	0	21	0	1	77.0	0	Titanic	4	1.0
103	104	False	3	0	33	0	0	8.0	0	Titanic	8	1.0
104	105	False	3	0	37	2	0	7.0	0	Titanic	8	1.0
105	106	False	3	0	28	0	0	7.0	0	Titanic	8	1.0
106	107	True	3	1	21	0	0	7.0	0	Titanic	8	2.0
107	108	True	3	0	36	0	0	7.0	0	Titanic	8	1.0
108	109	False	3	0	38	0	0	7.0	0	Titanic	8	1.0
109	110	True	3	1	25	1	0	24.0	2	Titanic	8	2.0
110	111	False	1	0	47	0	0	52.0	0	Titanic	3	1.0
111	112	False	3	1	14	1	0	14.0	1	Titanic	8	2.0
112	113	False	3	0	22	0	0	8.0	0	Titanic	8	1.0
113	114	False	3	1	20	1	0	9.0	0	Titanic	8	2.0
114	115	False	3	1	17	0	0	14.0	1	Titanic	8	2.0
115	116	False	3	0	21	0	0	7.0	0	Titanic	8	1.0
116	117	False	3	0	70	0	0	7.0	2	Titanic	8	1.0
117	118	False	2	0	29	1	0	21.0	0	Titanic	8	1.0
118	119	False	1	0	24	0	1	247.0	1	Titanic	2	1.0
119	120	False	3	1	2	4	2	31.0	0	Titanic	8	2.0
120	121	False	2	0	21	2	0	73.0	0	Titanic	8	1.0
121	122	False	3	0	29	0	0	8.0	0	Titanic	8	1.0
122	123	False	2	0	32	1	0	30.0	1	Titanic	8	1.0
123	124	True	2	1	32	0	0	13.0	0	Titanic	5	2.0
124	125	False	1	0	54	0	1	77.0	0	Titanic	4	1.0
125	126	True	3	0	12	1	0	11.0	1	Titanic	8	4.0
126	127	False	3	0	36	0	0	7.0	2	Titanic	8	1.0
127	128	True	3	0	24	0	0	7.0	0	Titanic	8	1.0
128	129	True	3	1	23	1	1	22.0	1	Titanic	6	2.0
129	130	False	3	0	45	0	0	6.0	0	Titanic	8	1.0
130	131	False	3	0	33	0	0	7.0	1	Titanic	8	1.0
131	132	False	3	0	20	0	0	7.0	0	Titanic	8	1.0
132	133	False	3	1	47	1	0	14.0	0	Titanic	8	3.0
133	134	True	2	1	29	1	0	26.0	0	Titanic	8	3.0
134	135	False	2	0	25	0	0	13.0	0	Titanic	8	1.0
135	136	False	2	0	23	0	0	15.0	1	Titanic	8	1.0
136	137	True	1	1	19	0	2	26.0	0	Titanic	4	2.0
137	138	False	1	0	37	1	0	53.0	0	Titanic	3	1.0
138	139	False	3	0	16	0	0	9.0	0	Titanic	8	1.0
139	140	False	1	0	24	0	0	79.0	1	Titanic	2	1.0
140	141	False	3	1	23	0	2	15.0	1	Titanic	8	3.0
141	142	True	3	1	22	0	0	7.0	0	Titanic	8	2.0
142	143	True	3	1	24	1	0	15.0	0	Titanic	8	3.0
143	144	False	3	0	19	0	0	6.0	2	Titanic	8	1.0
144	145	False	2	0	18	0	0	11.0	0	Titanic	8	1.0
145	146	False	2	0	19	1	1	36.0	0	Titanic	8	1.0
146	147	True	3	0	27	0	0	7.0	0	Titanic	8	1.0
147	148	False	3	1	9	2	2	34.0	0	Titanic	8	2.0
148	149	False	2	0	36	0	2	26.0	0	Titanic	6	1.0
149	150	False	2	0	42	0	0	13.0	0	Titanic	8	5.0
150	151	False	2	0	51	0	0	12.0	0	Titanic	8	5.0
151	152	True	1	1	22	1	0	66.0	0	Titanic	3	3.0
152	153	False	3	0	55	0	0	8.0	0	Titanic	8	1.0
153	154	False	3	0	40	0	2	14.0	0	Titanic	8	1.0
154	155	False	3	0	24	0	0	7.0	0	Titanic	8	1.0
155	156	False	1	0	51	0	1	61.0	1	Titanic	8	1.0
156	157	True	3	1	16	0	0	7.0	2	Titanic	8	2.0
157	158	False	3	0	30	0	0	8.0	0	Titanic	8	1.0
158	159	False	3	0	14	0	0	8.0	0	Titanic	8	1.0
159	160	False	3	0	39	8	2	69.0	0	Titanic	8	4.0
160	161	False	3	0	44	0	1	16.0	0	Titanic	8	1.0
161	162	True	2	1	40	0	0	15.0	0	Titanic	8	3.0
162	163	False	3	0	26	0	0	7.0	0	Titanic	8	1.0
163	164	False	3	0	17	0	0	8.0	0	Titanic	8	1.0
164	165	False	3	0	1	4	1	39.0	0	Titanic	8	4.0
165	166	True	3	0	9	0	2	20.0	0	Titanic	8	4.0
166	167	True	1	1	14	0	1	55.0	0	Titanic	5	3.0
167	168	False	3	1	45	1	4	27.0	0	Titanic	8	3.0
168	169	False	1	0	25	0	0	25.0	0	Titanic	8	1.0
169	170	False	3	0	28	0	0	56.0	0	Titanic	8	1.0
170	171	False	1	0	61	0	0	33.0	0	Titanic	2	1.0
171	172	False	3	0	4	4	1	29.0	2	Titanic	8	4.0
172	173	True	3	1	1	1	1	11.0	0	Titanic	8	2.0
173	174	False	3	0	21	0	0	7.0	0	Titanic	8	1.0
174	175	False	1	0	56	0	0	30.0	1	Titanic	1	1.0
175	176	False	3	0	18	1	1	7.0	0	Titanic	8	1.0
176	177	False	3	0	34	3	1	25.0	0	Titanic	8	4.0
177	178	False	1	1	50	0	0	28.0	1	Titanic	3	2.0
178	179	False	2	0	30	0	0	13.0	0	Titanic	8	1.0
179	180	False	3	0	36	0	0	0.0	0	Titanic	8	1.0
180	181	False	3	1	35	8	2	69.0	0	Titanic	8	2.0
181	182	False	2	0	43	0	0	15.0	1	Titanic	8	1.0
182	183	False	3	0	9	4	2	31.0	0	Titanic	8	4.0
183	184	True	2	0	1	2	1	39.0	0	Titanic	6	4.0
184	185	True	3	1	4	0	2	22.0	0	Titanic	8	2.0
185	186	False	1	0	24	0	0	50.0	0	Titanic	1	1.0
186	187	True	3	1	26	1	0	15.0	2	Titanic	8	3.0
187	188	True	1	0	45	0	0	26.0	0	Titanic	8	1.0
188	189	False	3	0	40	1	1	15.0	2	Titanic	8	1.0
189	190	False	3	0	36	0	0	7.0	0	Titanic	8	1.0
190	191	True	2	1	32	0	0	13.0	0	Titanic	8	3.0
191	192	False	2	0	19	0	0	13.0	0	Titanic	8	1.0
192	193	True	3	1	19	1	0	7.0	0	Titanic	8	2.0
193	194	True	2	0	3	1	1	26.0	0	Titanic	6	4.0
194	195	True	1	1	44	0	0	27.0	1	Titanic	2	3.0
195	196	True	1	1	58	0	0	146.0	1	Titanic	2	2.0
196	197	False	3	0	14	0	0	7.0	2	Titanic	8	1.0
197	198	False	3	0	42	0	1	8.0	0	Titanic	8	1.0
198	199	True	3	1	43	0	0	7.0	2	Titanic	8	2.0
199	200	False	2	1	24	0	0	13.0	0	Titanic	8	2.0
200	201	False	3	0	28	0	0	9.0	0	Titanic	8	1.0
201	202	False	3	0	30	8	2	69.0	0	Titanic	8	1.0
202	203	False	3	0	34	0	0	6.0	0	Titanic	8	1.0
203	204	False	3	0	45	0	0	7.0	1	Titanic	8	1.0
204	205	True	3	0	18	0	0	8.0	0	Titanic	8	1.0
205	206	False	3	1	2	0	1	10.0	0	Titanic	7	2.0
206	207	False	3	0	32	1	0	15.0	0	Titanic	8	1.0
207	208	True	3	0	26	0	0	18.0	1	Titanic	8	1.0
208	209	True	3	1	16	0	0	7.0	2	Titanic	8	2.0
209	210	True	1	0	40	0	0	31.0	1	Titanic	1	1.0
210	211	False	3	0	24	0	0	7.0	0	Titanic	8	1.0
211	212	True	2	1	35	0	0	21.0	0	Titanic	8	2.0
212	213	False	3	0	22	0	0	7.0	0	Titanic	8	1.0
213	214	False	2	0	30	0	0	13.0	0	Titanic	8	1.0
214	215	False	3	0	40	1	0	7.0	2	Titanic	8	1.0
215	216	True	1	1	31	1	0	113.0	1	Titanic	4	2.0
216	217	True	3	1	27	0	0	7.0	0	Titanic	8	2.0
217	218	False	2	0	42	1	0	27.0	0	Titanic	8	1.0
218	219	True	1	1	32	0	0	76.0	1	Titanic	4	2.0
219	220	False	2	0	30	0	0	10.0	0	Titanic	8	1.0
220	221	True	3	0	16	0	0	8.0	0	Titanic	8	1.0
221	222	False	2	0	27	0	0	13.0	0	Titanic	8	1.0
222	223	False	3	0	51	0	0	8.0	0	Titanic	8	1.0
223	224	False	3	0	26	0	0	7.0	0	Titanic	8	1.0
224	225	True	1	0	38	1	0	90.0	0	Titanic	3	1.0
225	226	False	3	0	22	0	0	9.0	0	Titanic	8	1.0
226	227	True	2	0	19	0	0	10.0	0	Titanic	8	1.0
227	228	False	3	0	20	0	0	7.0	0	Titanic	8	1.0
228	229	False	2	0	18	0	0	13.0	0	Titanic	8	1.0
229	230	False	3	1	43	3	1	25.0	0	Titanic	8	2.0
230	231	True	1	1	35	1	0	83.0	0	Titanic	3	3.0
231	232	False	3	0	29	0	0	7.0	0	Titanic	8	1.0
232	233	False	2	0	59	0	0	13.0	0	Titanic	8	1.0
233	234	True	3	1	5	4	2	31.0	0	Titanic	8	2.0
234	235	False	2	0	24	0	0	10.0	0	Titanic	8	1.0
235	236	False	3	1	30	0	0	7.0	0	Titanic	8	2.0
236	237	False	2	0	44	1	0	26.0	0	Titanic	8	1.0
237	238	True	2	1	8	0	2	26.0	0	Titanic	8	2.0
238	239	False	2	0	19	0	0	10.0	0	Titanic	8	1.0
239	240	False	2	0	33	0	0	12.0	0	Titanic	8	1.0
240	241	False	3	1	34	1	0	14.0	1	Titanic	8	2.0
241	242	True	3	1	17	1	0	15.0	2	Titanic	8	2.0
242	243	False	2	0	29	0	0	10.0	0	Titanic	8	1.0
243	244	False	3	0	22	0	0	7.0	0	Titanic	8	1.0
244	245	False	3	0	30	0	0	7.0	1	Titanic	8	1.0
245	246	False	1	0	44	2	0	90.0	2	Titanic	3	5.0
246	247	False	3	1	25	0	0	7.0	0	Titanic	8	2.0
247	248	True	2	1	24	0	2	14.0	0	Titanic	8	3.0
248	249	True	1	0	37	1	1	52.0	0	Titanic	4	1.0
249	250	False	2	0	54	1	0	26.0	0	Titanic	8	5.0
250	251	False	3	0	31	0	0	7.0	0	Titanic	8	1.0
251	252	False	3	1	29	1	1	10.0	0	Titanic	7	3.0
252	253	False	1	0	62	0	0	26.0	0	Titanic	3	1.0
253	254	False	3	0	30	1	0	16.0	0	Titanic	8	1.0
254	255	False	3	1	41	0	2	20.0	0	Titanic	8	3.0
255	256	True	3	1	29	0	2	15.0	1	Titanic	8	3.0
256	257	True	1	1	19	0	0	79.0	1	Titanic	8	3.0
257	258	True	1	1	30	0	0	86.0	0	Titanic	2	2.0
258	259	True	1	1	35	0	0	512.0	1	Titanic	8	2.0
259	260	True	2	1	50	0	1	26.0	0	Titanic	8	3.0
260	261	False	3	0	35	0	0	7.0	2	Titanic	8	1.0
261	262	True	3	0	3	4	2	31.0	0	Titanic	8	4.0
262	263	False	1	0	52	1	1	79.0	0	Titanic	5	1.0
263	264	False	1	0	40	0	0	0.0	0	Titanic	2	1.0
264	265	False	3	1	39	0	0	7.0	2	Titanic	8	2.0
265	266	False	2	0	36	0	0	10.0	0	Titanic	8	1.0
266	267	False	3	0	16	4	1	39.0	0	Titanic	8	1.0
267	268	True	3	0	25	1	0	7.0	0	Titanic	8	1.0
268	269	True	1	1	58	0	1	153.0	0	Titanic	3	3.0
269	270	True	1	1	35	0	0	135.0	0	Titanic	3	2.0
270	271	False	1	0	27	0	0	31.0	0	Titanic	8	1.0
271	272	True	3	0	25	0	0	0.0	0	Titanic	8	1.0
272	273	True	2	1	41	0	1	19.0	0	Titanic	8	3.0
273	274	False	1	0	37	0	1	29.0	1	Titanic	3	1.0
274	275	True	3	1	36	0	0	7.0	2	Titanic	8	2.0
275	276	True	1	1	63	1	0	77.0	0	Titanic	4	2.0
276	277	False	3	1	45	0	0	7.0	0	Titanic	8	2.0
277	278	False	2	0	27	0	0	0.0	0	Titanic	8	1.0
278	279	False	3	0	7	4	1	29.0	2	Titanic	8	4.0
279	280	True	3	1	35	1	1	20.0	0	Titanic	8	3.0
280	281	False	3	0	65	0	0	7.0	2	Titanic	8	1.0
281	282	False	3	0	28	0	0	7.0	0	Titanic	8	1.0
282	283	False	3	0	16	0	0	9.0	0	Titanic	8	1.0
283	284	True	3	0	19	0	0	8.0	0	Titanic	8	1.0
284	285	False	1	0	35	0	0	26.0	0	Titanic	1	1.0
285	286	False	3	0	33	0	0	8.0	1	Titanic	8	1.0
286	287	True	3	0	30	0	0	9.0	0	Titanic	8	1.0
287	288	False	3	0	22	0	0	7.0	0	Titanic	8	1.0
288	289	True	2	0	42	0	0	13.0	0	Titanic	8	1.0
289	290	True	3	1	22	0	0	7.0	2	Titanic	8	2.0
290	291	True	1	1	26	0	0	78.0	0	Titanic	8	2.0
291	292	True	1	1	19	1	0	91.0	1	Titanic	2	3.0
292	293	False	2	0	36	0	0	12.0	1	Titanic	4	1.0
293	294	False	3	1	24	0	0	8.0	0	Titanic	8	2.0
294	295	False	3	0	24	0	0	7.0	0	Titanic	8	1.0
295	296	False	1	0	14	0	0	27.0	1	Titanic	8	1.0
296	297	False	3	0	23	0	0	7.0	1	Titanic	8	1.0
297	298	False	1	1	2	1	2	151.0	0	Titanic	3	2.0
298	299	True	1	0	20	0	0	30.0	0	Titanic	3	1.0
299	300	True	1	1	50	0	1	247.0	1	Titanic	2	3.0
300	301	True	3	1	40	0	0	7.0	2	Titanic	8	2.0
301	302	True	3	0	36	2	0	23.0	2	Titanic	8	1.0
302	303	False	3	0	19	0	0	0.0	0	Titanic	8	1.0
303	304	True	2	1	39	0	0	12.0	2	Titanic	5	2.0
304	305	False	3	0	18	0	0	8.0	0	Titanic	8	1.0
305	306	True	1	0	0	1	2	151.0	0	Titanic	3	4.0
306	307	True	1	1	28	0	0	110.0	1	Titanic	8	2.0
307	308	True	1	1	17	1	0	108.0	1	Titanic	3	3.0
308	309	False	2	0	30	1	0	24.0	1	Titanic	8	1.0
309	310	True	1	1	30	0	0	56.0	1	Titanic	5	2.0
310	311	True	1	1	24	0	0	83.0	1	Titanic	3	2.0
311	312	True	1	1	18	2	2	262.0	1	Titanic	2	2.0
312	313	False	2	1	26	1	1	26.0	0	Titanic	8	3.0
313	314	False	3	0	28	0	0	7.0	0	Titanic	8	1.0
314	315	False	2	0	43	1	1	26.0	0	Titanic	8	1.0
315	316	True	3	1	26	0	0	7.0	0	Titanic	8	2.0
316	317	True	2	1	24	1	0	26.0	0	Titanic	8	3.0
317	318	False	2	0	54	0	0	14.0	0	Titanic	8	5.0
318	319	True	1	1	31	0	2	164.0	0	Titanic	3	2.0
319	320	True	1	1	40	1	1	134.0	1	Titanic	5	3.0
320	321	False	3	0	22	0	0	7.0	0	Titanic	8	1.0
321	322	False	3	0	27	0	0	7.0	0	Titanic	8	1.0
322	323	True	2	1	30	0	0	12.0	2	Titanic	8	2.0
323	324	True	2	1	22	1	1	29.0	0	Titanic	8	3.0
324	325	False	3	0	43	8	2	69.0	0	Titanic	8	1.0
325	326	True	1	1	36	0	0	135.0	1	Titanic	3	2.0
326	327	False	3	0	61	0	0	6.0	0	Titanic	8	1.0
327	328	True	2	1	36	0	0	13.0	0	Titanic	4	3.0
328	329	True	3	1	31	1	1	20.0	0	Titanic	8	3.0
329	330	True	1	1	16	0	1	57.0	1	Titanic	2	2.0
330	331	True	3	1	22	2	0	23.0	2	Titanic	8	2.0
331	332	False	1	0	45	0	0	28.0	0	Titanic	3	1.0
332	333	False	1	0	38	0	1	153.0	0	Titanic	3	1.0
333	334	False	3	0	16	2	0	18.0	0	Titanic	8	1.0
334	335	True	1	1	24	1	0	133.0	0	Titanic	8	3.0
335	336	False	3	0	20	0	0	7.0	0	Titanic	8	1.0
336	337	False	1	0	29	1	0	66.0	0	Titanic	3	1.0
337	338	True	1	1	41	0	0	134.0	1	Titanic	5	2.0
338	339	True	3	0	45	0	0	8.0	0	Titanic	8	1.0
339	340	False	1	0	45	0	0	35.0	0	Titanic	0	1.0
340	341	True	2	0	2	1	1	26.0	0	Titanic	6	4.0
341	342	True	1	1	24	3	2	263.0	0	Titanic	3	2.0
342	343	False	2	0	28	0	0	13.0	0	Titanic	8	1.0
343	344	False	2	0	25	0	0	13.0	0	Titanic	8	1.0
344	345	False	2	0	36	0	0	13.0	0	Titanic	8	1.0
345	346	True	2	1	24	0	0	13.0	0	Titanic	6	2.0
346	347	True	2	1	40	0	0	13.0	0	Titanic	8	2.0
347	348	True	3	1	27	1	0	16.0	0	Titanic	8	3.0
348	349	True	3	0	3	1	1	15.0	0	Titanic	8	4.0
349	350	False	3	0	42	0	0	8.0	0	Titanic	8	1.0
350	351	False	3	0	23	0	0	9.0	0	Titanic	8	1.0
351	352	False	1	0	22	0	0	35.0	0	Titanic	3	1.0
352	353	False	3	0	15	1	1	7.0	1	Titanic	8	1.0
353	354	False	3	0	25	1	0	17.0	0	Titanic	8	1.0
354	355	False	3	0	27	0	0	7.0	1	Titanic	8	1.0
355	356	False	3	0	28	0	0	9.0	0	Titanic	8	1.0
356	357	True	1	1	22	0	1	55.0	0	Titanic	5	2.0
357	358	False	2	1	38	0	0	13.0	0	Titanic	8	2.0
358	359	True	3	1	31	0	0	7.0	2	Titanic	8	2.0
359	360	True	3	1	30	0	0	7.0	2	Titanic	8	2.0
360	361	False	3	0	40	1	4	27.0	0	Titanic	8	1.0
361	362	False	2	0	29	1	0	27.0	1	Titanic	8	1.0
362	363	False	3	1	45	0	1	14.0	1	Titanic	8	3.0
363	364	False	3	0	35	0	0	7.0	0	Titanic	8	1.0
364	365	False	3	0	41	1	0	15.0	2	Titanic	8	1.0
365	366	False	3	0	30	0	0	7.0	0	Titanic	8	1.0
366	367	True	1	1	60	1	0	75.0	1	Titanic	4	3.0
367	368	True	3	1	26	0	0	7.0	1	Titanic	8	3.0
368	369	True	3	1	40	0	0	7.0	2	Titanic	8	2.0
369	370	True	1	1	24	0	0	69.0	1	Titanic	2	3.0
370	371	True	1	0	25	1	0	55.0	1	Titanic	5	1.0
371	372	False	3	0	18	1	0	6.0	0	Titanic	8	1.0
372	373	False	3	0	19	0	0	8.0	0	Titanic	8	1.0
373	374	False	1	0	22	0	0	135.0	1	Titanic	8	1.0
374	375	False	3	1	3	3	1	21.0	0	Titanic	8	2.0
375	376	True	1	1	37	1	0	82.0	1	Titanic	8	3.0
376	377	True	3	1	22	0	0	7.0	0	Titanic	8	2.0
377	378	False	1	0	27	0	2	211.0	1	Titanic	3	1.0
378	379	False	3	0	20	0	0	4.0	1	Titanic	8	1.0
379	380	False	3	0	19	0	0	7.0	0	Titanic	8	1.0
380	381	True	1	1	42	0	0	227.0	1	Titanic	8	2.0
381	382	True	3	1	1	0	2	15.0	1	Titanic	8	2.0
382	383	False	3	0	32	0	0	7.0	0	Titanic	8	1.0
383	384	True	1	1	35	1	0	52.0	0	Titanic	8	3.0
384	385	False	3	0	28	0	0	7.0	0	Titanic	8	1.0
385	386	False	2	0	18	0	0	73.0	0	Titanic	8	1.0
386	387	False	3	0	1	5	2	46.0	0	Titanic	8	4.0
387	388	True	2	1	36	0	0	13.0	0	Titanic	8	2.0
388	389	False	3	0	15	0	0	7.0	2	Titanic	8	1.0
389	390	True	2	1	17	0	0	12.0	1	Titanic	8	2.0
390	391	True	1	0	36	1	2	120.0	0	Titanic	2	1.0
391	392	True	3	0	21	0	0	7.0	0	Titanic	8	1.0
392	393	False	3	0	28	2	0	7.0	0	Titanic	8	1.0
393	394	True	1	1	23	1	0	113.0	1	Titanic	4	2.0
394	395	True	3	1	24	0	2	16.0	0	Titanic	7	3.0
395	396	False	3	0	22	0	0	7.0	0	Titanic	8	1.0
396	397	False	3	1	31	0	0	7.0	0	Titanic	8	2.0
397	398	False	2	0	46	0	0	26.0	0	Titanic	8	1.0
398	399	False	2	0	23	0	0	10.0	0	Titanic	8	5.0
399	400	True	2	1	28	0	0	12.0	0	Titanic	8	3.0
400	401	True	3	0	39	0	0	7.0	0	Titanic	8	1.0
401	402	False	3	0	26	0	0	8.0	0	Titanic	8	1.0
402	403	False	3	1	21	1	0	9.0	0	Titanic	8	2.0
403	404	False	3	0	28	1	0	15.0	0	Titanic	8	1.0
404	405	False	3	1	20	0	0	8.0	0	Titanic	8	2.0
405	406	False	2	0	34	1	0	21.0	0	Titanic	8	1.0
406	407	False	3	0	51	0	0	7.0	0	Titanic	8	1.0
407	408	True	2	0	3	1	1	18.0	0	Titanic	8	4.0
408	409	False	3	0	21	0	0	7.0	0	Titanic	8	1.0
409	410	False	3	1	40	3	1	25.0	0	Titanic	8	2.0
410	411	False	3	0	37	0	0	7.0	0	Titanic	8	1.0
411	412	False	3	0	40	0	0	6.0	2	Titanic	8	1.0
412	413	True	1	1	33	1	0	90.0	2	Titanic	3	2.0
413	414	False	2	0	31	0	0	0.0	0	Titanic	8	1.0
414	415	True	3	0	44	0	0	7.0	0	Titanic	8	1.0
415	416	False	3	1	34	0	0	8.0	0	Titanic	8	3.0
416	417	True	2	1	34	1	1	32.0	0	Titanic	8	3.0
417	418	True	2	1	18	0	2	13.0	0	Titanic	8	2.0
418	419	False	2	0	30	0	0	13.0	0	Titanic	8	1.0
419	420	False	3	1	10	0	2	24.0	0	Titanic	8	2.0
420	421	False	3	0	23	0	0	7.0	1	Titanic	8	1.0
421	422	False	3	0	21	0	0	7.0	2	Titanic	8	1.0
422	423	False	3	0	29	0	0	7.0	0	Titanic	8	1.0
423	424	False	3	1	28	1	1	14.0	0	Titanic	8	3.0
424	425	False	3	0	18	1	1	20.0	0	Titanic	8	1.0
425	426	False	3	0	24	0	0	7.0	0	Titanic	8	1.0
426	427	True	2	1	28	1	0	26.0	0	Titanic	8	3.0
427	428	True	2	1	19	0	0	26.0	0	Titanic	8	2.0
428	429	False	3	0	20	0	0	7.0	2	Titanic	8	1.0
429	430	True	3	0	32	0	0	8.0	0	Titanic	5	1.0
430	431	True	1	0	28	0	0	26.0	0	Titanic	3	1.0
431	432	True	3	1	25	1	0	16.0	0	Titanic	8	3.0
432	433	True	2	1	42	1	0	26.0	0	Titanic	8	3.0
433	434	False	3	0	17	0	0	7.0	0	Titanic	8	1.0
434	435	False	1	0	50	1	0	55.0	0	Titanic	5	1.0
435	436	True	1	1	14	1	2	120.0	0	Titanic	2	2.0
436	437	False	3	1	21	2	2	34.0	0	Titanic	8	2.0
437	438	True	2	1	24	2	3	18.0	0	Titanic	8	3.0
438	439	False	1	0	64	1	4	263.0	0	Titanic	3	1.0
439	440	False	2	0	31	0	0	10.0	0	Titanic	8	1.0
440	441	True	2	1	45	1	1	26.0	0	Titanic	8	3.0
441	442	False	3	0	20	0	0	9.0	0	Titanic	8	1.0
442	443	False	3	0	25	1	0	7.0	0	Titanic	8	1.0
443	444	True	2	1	28	0	0	13.0	0	Titanic	8	2.0
444	445	True	3	0	17	0	0	8.0	0	Titanic	8	1.0
445	446	True	1	0	4	0	2	81.0	0	Titanic	1	4.0
446	447	True	2	1	13	0	1	19.0	0	Titanic	8	2.0
447	448	True	1	0	34	0	0	26.0	0	Titanic	8	1.0
448	449	True	3	1	5	2	1	19.0	1	Titanic	8	2.0
449	450	True	1	0	52	0	0	30.0	0	Titanic	3	5.0
450	451	False	2	0	36	1	2	27.0	0	Titanic	8	1.0
451	452	False	3	0	20	1	0	19.0	0	Titanic	8	1.0
452	453	False	1	0	30	0	0	27.0	1	Titanic	3	1.0
453	454	True	1	0	49	1	0	89.0	1	Titanic	3	1.0
454	455	False	3	0	34	0	0	8.0	0	Titanic	8	1.0
455	456	True	3	0	29	0	0	7.0	1	Titanic	8	1.0
456	457	False	1	0	65	0	0	26.0	0	Titanic	5	1.0
457	458	True	1	1	27	1	0	51.0	0	Titanic	4	3.0
458	459	True	2	1	50	0	0	10.0	0	Titanic	8	2.0
459	460	False	3	0	14	0	0	7.0	2	Titanic	8	1.0
460	461	True	1	0	48	0	0	26.0	0	Titanic	5	1.0
461	462	False	3	0	34	0	0	8.0	0	Titanic	8	1.0
462	463	False	1	0	47	0	0	38.0	0	Titanic	5	1.0
463	464	False	2	0	48	0	0	13.0	0	Titanic	8	1.0
464	465	False	3	0	27	0	0	8.0	0	Titanic	8	1.0
465	466	False	3	0	38	0	0	7.0	0	Titanic	8	1.0
466	467	False	2	0	15	0	0	0.0	0	Titanic	8	1.0
467	468	False	1	0	56	0	0	26.0	0	Titanic	8	1.0
468	469	False	3	0	26	0	0	7.0	2	Titanic	8	1.0
469	470	True	3	1	0	2	1	19.0	1	Titanic	8	2.0
470	471	False	3	0	22	0	0	7.0	0	Titanic	8	1.0
471	472	False	3	0	38	0	0	8.0	0	Titanic	8	1.0
472	473	True	2	1	33	1	2	27.0	0	Titanic	8	3.0
473	474	True	2	1	23	0	0	13.0	1	Titanic	4	3.0
474	475	False	3	1	22	0	0	9.0	0	Titanic	8	2.0
475	476	False	1	0	30	0	0	52.0	0	Titanic	1	1.0
476	477	False	2	0	34	1	0	21.0	0	Titanic	8	1.0
477	478	False	3	0	29	1	0	7.0	0	Titanic	8	1.0
478	479	False	3	0	22	0	0	7.0	0	Titanic	8	1.0
479	480	True	3	1	2	0	1	12.0	0	Titanic	8	2.0
480	481	False	3	0	9	5	2	46.0	0	Titanic	8	4.0
481	482	False	2	0	16	0	0	0.0	0	Titanic	8	1.0
482	483	False	3	0	50	0	0	8.0	0	Titanic	8	1.0
483	484	True	3	1	63	0	0	9.0	0	Titanic	8	3.0
484	485	True	1	0	25	1	0	91.0	1	Titanic	2	1.0
485	486	False	3	1	35	3	1	25.0	0	Titanic	8	2.0
486	487	True	1	1	35	1	0	90.0	0	Titanic	3	3.0
487	488	False	1	0	58	0	0	29.0	1	Titanic	2	1.0
488	489	False	3	0	30	0	0	8.0	0	Titanic	8	1.0
489	490	True	3	0	9	1	1	15.0	0	Titanic	8	4.0
490	491	False	3	0	32	1	0	19.0	0	Titanic	8	1.0
491	492	False	3	0	21	0	0	7.0	0	Titanic	8	1.0
492	493	False	1	0	55	0	0	30.0	0	Titanic	3	1.0
493	494	False	1	0	71	0	0	49.0	1	Titanic	8	1.0
494	495	False	3	0	21	0	0	8.0	0	Titanic	8	1.0
495	496	False	3	0	40	0	0	14.0	1	Titanic	8	1.0
496	497	True	1	1	54	1	0	78.0	1	Titanic	4	2.0
497	498	False	3	0	22	0	0	15.0	0	Titanic	8	1.0
498	499	False	1	1	25	1	2	151.0	0	Titanic	3	3.0
499	500	False	3	0	24	0	0	7.0	0	Titanic	8	1.0
500	501	False	3	0	17	0	0	8.0	0	Titanic	8	1.0
501	502	False	3	1	21	0	0	7.0	2	Titanic	8	2.0
502	503	False	3	1	20	0	0	7.0	2	Titanic	8	2.0
503	504	False	3	1	37	0	0	9.0	0	Titanic	8	2.0
504	505	True	1	1	16	0	0	86.0	0	Titanic	2	2.0
505	506	False	1	0	18	1	0	108.0	1	Titanic	3	1.0
506	507	True	2	1	33	0	2	26.0	0	Titanic	8	3.0
507	508	True	1	0	43	0	0	26.0	0	Titanic	8	1.0
508	509	False	3	0	28	0	0	22.0	0	Titanic	8	1.0
509	510	True	3	0	26	0	0	56.0	0	Titanic	8	1.0
510	511	True	3	0	29	0	0	7.0	2	Titanic	8	1.0
511	512	False	3	0	30	0	0	8.0	0	Titanic	8	1.0
512	513	True	1	0	36	0	0	26.0	0	Titanic	5	1.0
513	514	True	1	1	54	1	0	59.0	1	Titanic	8	3.0
514	515	False	3	0	24	0	0	7.0	0	Titanic	8	1.0
515	516	False	1	0	47	0	0	34.0	0	Titanic	4	1.0
516	517	True	2	1	34	0	0	10.0	0	Titanic	6	3.0
517	518	False	3	0	17	0	0	24.0	2	Titanic	8	1.0
518	519	True	2	1	36	1	0	26.0	0	Titanic	8	3.0
519	520	False	3	0	32	0	0	7.0	0	Titanic	8	1.0
520	225	True	1	0	38	1	0	90.0	0	Titanic	3	1.0
521	522	False	3	0	22	0	0	7.0	0	Titanic	8	1.0
522	523	False	3	0	37	0	0	7.0	1	Titanic	8	1.0
523	524	True	1	1	44	0	1	57.0	1	Titanic	2	3.0
524	525	False	3	0	40	0	0	7.0	1	Titanic	8	1.0
525	526	False	3	0	40	0	0	7.0	2	Titanic	8	1.0
526	527	True	2	1	50	0	0	10.0	0	Titanic	8	2.0
527	528	False	1	0	43	0	0	221.0	0	Titanic	3	1.0
528	529	False	3	0	39	0	0	7.0	0	Titanic	8	1.0
529	530	False	2	0	23	2	1	11.0	0	Titanic	8	1.0
530	531	True	2	1	2	1	1	26.0	0	Titanic	8	2.0
531	532	False	3	0	26	0	0	7.0	1	Titanic	8	1.0
532	533	False	3	0	17	1	1	7.0	1	Titanic	8	1.0
533	534	True	3	1	26	0	2	22.0	1	Titanic	8	3.0
534	535	False	3	1	30	0	0	8.0	0	Titanic	8	2.0
535	536	True	2	1	7	0	2	26.0	0	Titanic	8	2.0
536	537	False	1	0	45	0	0	26.0	0	Titanic	2	5.0
537	538	True	1	1	30	0	0	106.0	1	Titanic	8	2.0
538	539	False	3	0	39	0	0	14.0	0	Titanic	8	1.0
539	540	True	1	1	22	0	2	49.0	1	Titanic	2	2.0
540	541	True	1	1	36	0	2	71.0	0	Titanic	2	2.0
541	542	False	3	1	9	4	2	31.0	0	Titanic	8	2.0
542	543	False	3	1	11	4	2	31.0	0	Titanic	8	2.0
543	544	True	2	0	32	1	0	26.0	0	Titanic	8	1.0
544	545	False	1	0	50	1	0	106.0	1	Titanic	3	1.0
545	546	False	1	0	64	0	0	26.0	0	Titanic	8	1.0
546	547	True	2	1	19	1	0	26.0	0	Titanic	8	3.0
547	548	True	2	0	30	0	0	13.0	1	Titanic	8	1.0
548	549	False	3	0	33	1	1	20.0	0	Titanic	8	1.0
549	550	True	2	0	8	1	1	36.0	0	Titanic	8	4.0
550	551	True	1	0	17	0	2	110.0	1	Titanic	3	1.0
551	552	False	2	0	27	0	0	26.0	0	Titanic	8	1.0
552	553	False	3	0	28	0	0	7.0	2	Titanic	8	1.0
553	554	True	3	0	22	0	0	7.0	1	Titanic	8	1.0
554	555	True	3	1	22	0	0	7.0	0	Titanic	8	2.0
555	556	False	1	0	62	0	0	26.0	0	Titanic	8	1.0
556	557	True	1	1	48	1	0	39.0	1	Titanic	1	5.0
557	558	False	1	0	27	0	0	227.0	1	Titanic	8	1.0
558	559	True	1	1	39	1	1	79.0	0	Titanic	5	3.0
559	560	True	3	1	36	1	0	17.0	0	Titanic	8	3.0
560	561	False	3	0	42	0	0	7.0	2	Titanic	8	1.0
561	562	False	3	0	40	0	0	7.0	0	Titanic	8	1.0
562	563	False	2	0	28	0	0	13.0	0	Titanic	8	1.0
563	564	False	3	0	39	0	0	8.0	0	Titanic	8	1.0
564	565	False	3	1	42	0	0	8.0	0	Titanic	8	2.0
565	566	False	3	0	24	2	0	24.0	0	Titanic	8	1.0
566	567	False	3	0	19	0	0	7.0	0	Titanic	8	1.0
567	568	False	3	1	29	0	4	21.0	0	Titanic	8	3.0
568	569	False	3	0	22	0	0	7.0	1	Titanic	8	1.0
569	570	True	3	0	32	0	0	7.0	0	Titanic	8	1.0
570	571	True	2	0	62	0	0	10.0	0	Titanic	8	1.0
571	572	True	1	1	53	2	0	51.0	0	Titanic	3	3.0
572	573	True	1	0	36	0	0	26.0	0	Titanic	5	1.0
573	574	True	3	1	21	0	0	7.0	2	Titanic	8	2.0
574	575	False	3	0	16	0	0	8.0	0	Titanic	8	1.0
575	576	False	3	0	19	0	0	14.0	0	Titanic	8	1.0
576	577	True	2	1	34	0	0	13.0	0	Titanic	8	2.0
577	578	True	1	1	39	1	0	55.0	0	Titanic	5	3.0
578	579	False	3	1	34	1	0	14.0	1	Titanic	8	3.0
579	580	True	3	0	32	0	0	7.0	0	Titanic	8	1.0
580	581	True	2	1	25	1	1	30.0	0	Titanic	8	2.0
581	582	True	1	1	39	1	1	110.0	1	Titanic	3	3.0
582	583	False	2	0	54	0	0	26.0	0	Titanic	8	1.0
583	584	False	1	0	36	0	0	40.0	1	Titanic	1	1.0
584	585	False	3	0	15	0	0	8.0	1	Titanic	8	1.0
585	586	True	1	1	18	0	2	79.0	0	Titanic	5	2.0
586	587	False	2	0	47	0	0	15.0	0	Titanic	8	1.0
587	588	True	1	0	60	1	1	79.0	1	Titanic	2	1.0
588	589	False	3	0	22	0	0	8.0	0	Titanic	8	1.0
589	590	False	3	0	29	0	0	8.0	0	Titanic	8	1.0
590	591	False	3	0	35	0	0	7.0	0	Titanic	8	1.0
591	592	True	1	1	52	1	0	78.0	1	Titanic	4	3.0
592	593	False	3	0	47	0	0	7.0	0	Titanic	8	1.0
593	594	False	3	1	35	0	2	7.0	2	Titanic	8	2.0
594	595	False	2	0	37	1	0	26.0	0	Titanic	8	1.0
595	596	False	3	0	36	1	1	24.0	0	Titanic	8	1.0
596	597	True	2	1	30	0	0	33.0	0	Titanic	8	2.0
597	598	False	3	0	49	0	0	0.0	0	Titanic	8	1.0
598	599	False	3	0	41	0	0	7.0	1	Titanic	8	1.0
599	600	True	1	0	49	1	0	56.0	1	Titanic	1	5.0
600	601	True	2	1	24	2	1	27.0	0	Titanic	8	3.0
601	602	False	3	0	40	0	0	7.0	0	Titanic	8	1.0
602	603	False	1	0	25	0	0	42.0	0	Titanic	8	1.0
603	604	False	3	0	44	0	0	8.0	0	Titanic	8	1.0
604	605	True	1	0	35	0	0	26.0	1	Titanic	8	1.0
605	606	False	3	0	36	1	0	15.0	0	Titanic	8	1.0
606	607	False	3	0	30	0	0	7.0	0	Titanic	8	1.0
607	608	True	1	0	27	0	0	30.0	0	Titanic	8	1.0
608	609	True	2	1	22	1	2	41.0	1	Titanic	8	3.0
609	610	True	1	1	40	0	0	153.0	0	Titanic	3	2.0
610	611	False	3	1	39	1	5	31.0	0	Titanic	8	3.0
611	612	False	3	0	36	0	0	7.0	0	Titanic	8	1.0
612	613	True	3	1	34	1	0	15.0	2	Titanic	8	2.0
613	614	False	3	0	39	0	0	7.0	2	Titanic	8	1.0
614	615	False	3	0	35	0	0	8.0	0	Titanic	8	1.0
615	616	True	2	1	24	1	2	65.0	0	Titanic	8	2.0
616	617	False	3	0	34	1	1	14.0	0	Titanic	8	1.0
617	618	False	3	1	26	1	0	16.0	0	Titanic	8	3.0
618	619	True	2	1	4	2	1	39.0	0	Titanic	6	2.0
619	620	False	2	0	26	0	0	10.0	0	Titanic	8	1.0
620	621	False	3	0	27	1	0	14.0	1	Titanic	8	1.0
621	622	True	1	0	42	1	0	52.0	0	Titanic	4	1.0
622	623	True	3	0	20	1	1	15.0	1	Titanic	8	1.0
623	624	False	3	0	21	0	0	7.0	0	Titanic	8	1.0
624	625	False	3	0	21	0	0	16.0	0	Titanic	8	1.0
625	626	False	1	0	61	0	0	32.0	0	Titanic	4	1.0
626	627	False	2	0	57	0	0	12.0	2	Titanic	8	5.0
627	628	True	1	1	21	0	0	77.0	0	Titanic	4	2.0
628	629	False	3	0	26	0	0	7.0	0	Titanic	8	1.0
629	630	False	3	0	21	0	0	7.0	2	Titanic	8	1.0
630	631	True	1	0	80	0	0	30.0	0	Titanic	1	1.0
631	632	False	3	0	51	0	0	7.0	0	Titanic	8	1.0
632	633	True	1	0	32	0	0	30.0	1	Titanic	2	5.0
633	634	False	1	0	36	0	0	0.0	0	Titanic	8	1.0
634	635	False	3	1	9	3	2	27.0	0	Titanic	8	2.0
635	636	True	2	1	28	0	0	13.0	0	Titanic	8	2.0
636	637	False	3	0	32	0	0	7.0	0	Titanic	8	1.0
637	638	False	2	0	31	1	1	26.0	0	Titanic	8	1.0
638	639	False	3	1	41	0	5	39.0	0	Titanic	8	3.0
639	640	False	3	0	36	1	0	16.0	0	Titanic	8	1.0
640	641	False	3	0	20	0	0	7.0	0	Titanic	8	1.0
641	642	True	1	1	24	0	0	69.0	1	Titanic	2	2.0
642	643	False	3	1	2	3	2	27.0	0	Titanic	8	2.0
643	644	True	3	0	19	0	0	56.0	0	Titanic	8	1.0
644	645	True	3	1	0	2	1	19.0	1	Titanic	8	2.0
645	646	True	1	0	48	1	0	76.0	1	Titanic	4	1.0
646	647	False	3	0	19	0	0	7.0	0	Titanic	8	1.0
647	648	True	1	0	56	0	0	35.0	1	Titanic	1	5.0
648	649	False	3	0	35	0	0	7.0	0	Titanic	8	1.0
649	650	True	3	1	23	0	0	7.0	0	Titanic	8	2.0
650	651	False	3	0	39	0	0	7.0	0	Titanic	8	1.0
651	652	True	2	1	18	0	1	23.0	0	Titanic	8	2.0
652	653	False	3	0	21	0	0	8.0	0	Titanic	8	1.0
653	654	True	3	1	18	0	0	7.0	2	Titanic	8	2.0
654	655	False	3	1	18	0	0	6.0	2	Titanic	8	2.0
655	656	False	2	0	24	2	0	73.0	0	Titanic	8	1.0
656	657	False	3	0	19	0	0	7.0	0	Titanic	8	1.0
657	658	False	3	1	32	1	1	15.0	2	Titanic	8	3.0
658	659	False	2	0	23	0	0	13.0	0	Titanic	8	1.0
659	660	False	1	0	58	0	2	113.0	1	Titanic	4	1.0
660	661	True	1	0	50	2	0	133.0	0	Titanic	8	5.0
661	662	False	3	0	40	0	0	7.0	1	Titanic	8	1.0
662	663	False	1	0	47	0	0	25.0	0	Titanic	5	1.0
663	664	False	3	0	36	0	0	7.0	0	Titanic	8	1.0
664	665	True	3	0	20	1	0	7.0	0	Titanic	8	1.0
665	666	False	2	0	32	2	0	73.0	0	Titanic	8	1.0
666	667	False	2	0	28	0	0	13.0	0	Titanic	8	1.0
667	668	False	3	0	27	0	0	7.0	0	Titanic	8	1.0
668	669	False	3	0	43	0	0	8.0	0	Titanic	8	1.0
669	670	True	1	1	34	1	0	52.0	0	Titanic	3	3.0
670	671	True	2	1	40	1	1	39.0	0	Titanic	8	3.0
671	672	False	1	0	31	1	0	52.0	0	Titanic	2	1.0
672	673	False	2	0	70	0	0	10.0	0	Titanic	8	1.0
673	674	True	2	0	31	0	0	13.0	0	Titanic	8	1.0
674	675	False	2	0	43	0	0	0.0	0	Titanic	8	1.0
675	676	False	3	0	18	0	0	7.0	0	Titanic	8	1.0
676	677	False	3	0	24	0	0	8.0	0	Titanic	8	1.0
677	678	True	3	1	18	0	0	9.0	0	Titanic	8	2.0
678	225	True	1	0	38	1	0	90.0	0	Titanic	3	1.0
679	680	True	1	0	36	0	1	512.0	1	Titanic	2	1.0
680	681	False	3	1	15	0	0	8.0	2	Titanic	8	2.0
681	682	True	1	0	27	0	0	76.0	1	Titanic	4	1.0
682	683	False	3	0	20	0	0	9.0	0	Titanic	8	1.0
683	684	False	3	0	14	5	2	46.0	0	Titanic	8	1.0
684	685	False	2	0	60	1	1	39.0	0	Titanic	8	1.0
685	686	False	2	0	25	1	2	41.0	1	Titanic	8	1.0
686	687	False	3	0	14	4	1	39.0	0	Titanic	8	1.0
687	688	False	3	0	19	0	0	10.0	0	Titanic	8	1.0
688	689	False	3	0	18	0	0	7.0	0	Titanic	8	1.0
689	690	True	1	1	15	0	1	211.0	0	Titanic	2	2.0
690	691	True	1	0	31	1	0	57.0	0	Titanic	2	1.0
691	692	True	3	1	4	0	1	13.0	1	Titanic	8	2.0
692	693	True	3	0	22	0	0	56.0	0	Titanic	8	1.0
693	694	False	3	0	25	0	0	7.0	1	Titanic	8	1.0
694	695	False	1	0	60	0	0	26.0	0	Titanic	8	5.0
695	696	False	2	0	52	0	0	13.0	0	Titanic	8	1.0
696	697	False	3	0	44	0	0	8.0	0	Titanic	8	1.0
697	698	True	3	1	27	0	0	7.0	2	Titanic	8	2.0
698	699	False	1	0	49	1	1	110.0	1	Titanic	3	1.0
699	700	False	3	0	42	0	0	7.0	0	Titanic	6	1.0
700	701	True	1	1	18	1	0	227.0	1	Titanic	3	3.0
701	702	True	1	0	35	0	0	26.0	0	Titanic	5	1.0
702	703	False	3	1	18	0	1	14.0	1	Titanic	8	2.0
703	704	False	3	0	25	0	0	7.0	2	Titanic	8	1.0
704	705	False	3	0	26	1	0	7.0	0	Titanic	8	1.0
705	706	False	2	0	39	0	0	26.0	0	Titanic	8	1.0
706	707	True	2	1	45	0	0	13.0	0	Titanic	8	3.0
707	708	True	1	0	42	0	0	26.0	0	Titanic	5	1.0
708	709	True	1	1	22	0	0	151.0	0	Titanic	8	2.0
709	710	True	3	0	30	1	1	15.0	1	Titanic	8	4.0
710	711	True	1	1	24	0	0	49.0	1	Titanic	3	2.0
711	712	False	1	0	32	0	0	26.0	0	Titanic	3	1.0
712	713	True	1	0	48	1	0	52.0	0	Titanic	3	1.0
713	714	False	3	0	29	0	0	9.0	0	Titanic	8	1.0
714	715	False	2	0	52	0	0	13.0	0	Titanic	8	1.0
715	716	False	3	0	19	0	0	7.0	0	Titanic	6	1.0
716	717	True	1	1	38	0	0	227.0	1	Titanic	3	2.0
717	718	True	2	1	27	0	0	10.0	0	Titanic	5	2.0
718	719	False	3	0	27	0	0	15.0	2	Titanic	8	1.0
719	720	False	3	0	33	0	0	7.0	0	Titanic	8	1.0
720	721	True	2	1	6	0	1	33.0	0	Titanic	8	2.0
721	722	False	3	0	17	1	0	7.0	0	Titanic	8	1.0
722	723	False	2	0	34	0	0	13.0	0	Titanic	8	1.0
723	724	False	2	0	50	0	0	13.0	0	Titanic	8	1.0
724	725	True	1	0	27	1	0	53.0	0	Titanic	5	1.0
725	726	False	3	0	20	0	0	8.0	0	Titanic	8	1.0
726	727	True	2	1	30	3	0	21.0	0	Titanic	8	3.0
727	728	True	3	1	22	0	0	7.0	2	Titanic	8	2.0
728	729	False	2	0	25	1	0	26.0	0	Titanic	8	1.0
729	730	False	3	1	25	1	0	7.0	0	Titanic	8	2.0
730	731	True	1	1	29	0	0	211.0	0	Titanic	2	2.0
731	732	False	3	0	11	0	0	18.0	1	Titanic	8	1.0
732	733	False	2	0	16	0	0	0.0	0	Titanic	8	1.0
733	734	False	2	0	23	0	0	13.0	0	Titanic	8	1.0
734	735	False	2	0	23	0	0	13.0	0	Titanic	8	1.0
735	736	False	3	0	28	0	0	16.0	0	Titanic	8	1.0
736	737	False	3	1	48	1	3	34.0	0	Titanic	8	3.0
737	738	True	1	0	35	0	0	512.0	1	Titanic	2	1.0
738	739	False	3	0	30	0	0	7.0	0	Titanic	8	1.0
739	740	False	3	0	23	0	0	7.0	0	Titanic	8	1.0
740	741	True	1	0	22	0	0	30.0	0	Titanic	4	1.0
741	742	False	1	0	36	1	0	78.0	0	Titanic	3	1.0
742	743	True	1	1	21	2	2	262.0	1	Titanic	2	2.0
743	744	False	3	0	24	1	0	16.0	0	Titanic	8	1.0
744	745	True	3	0	31	0	0	7.0	0	Titanic	8	1.0
745	746	False	1	0	70	1	1	71.0	0	Titanic	2	5.0
746	747	False	3	0	16	1	1	20.0	0	Titanic	8	1.0
747	748	True	2	1	30	0	0	13.0	0	Titanic	8	2.0
748	749	False	1	0	19	1	0	53.0	0	Titanic	4	1.0
749	750	False	3	0	31	0	0	7.0	2	Titanic	8	1.0
750	751	True	2	1	4	1	1	23.0	0	Titanic	8	2.0
751	752	True	3	0	6	0	1	12.0	0	Titanic	5	4.0
752	753	False	3	0	33	0	0	9.0	0	Titanic	8	1.0
753	754	False	3	0	23	0	0	7.0	0	Titanic	8	1.0
754	755	True	2	1	48	1	2	65.0	0	Titanic	8	3.0
755	756	True	2	0	0	1	1	14.0	0	Titanic	8	4.0
756	757	False	3	0	28	0	0	7.0	0	Titanic	8	1.0
757	758	False	2	0	18	0	0	11.0	0	Titanic	8	1.0
758	759	False	3	0	34	0	0	8.0	0	Titanic	8	1.0
759	760	True	1	1	33	0	0	86.0	0	Titanic	2	5.0
760	761	False	3	0	19	0	0	14.0	0	Titanic	8	1.0
761	762	False	3	0	41	0	0	7.0	0	Titanic	8	1.0
762	763	True	3	0	20	0	0	7.0	1	Titanic	8	1.0
763	764	True	1	1	36	1	2	120.0	0	Titanic	2	3.0
764	765	False	3	0	16	0	0	7.0	0	Titanic	8	1.0
765	766	True	1	1	51	1	0	77.0	0	Titanic	4	3.0
766	767	False	1	0	38	0	0	39.0	1	Titanic	8	5.0
767	768	False	3	1	30	0	0	7.0	2	Titanic	8	2.0
768	769	False	3	0	19	1	0	24.0	2	Titanic	8	1.0
769	770	False	3	0	32	0	0	8.0	0	Titanic	8	1.0
770	771	False	3	0	24	0	0	9.0	0	Titanic	8	1.0
771	772	False	3	0	48	0	0	7.0	0	Titanic	8	1.0
772	773	False	2	1	57	0	0	10.0	0	Titanic	5	3.0
773	774	False	3	0	29	0	0	7.0	1	Titanic	8	1.0
774	775	True	2	1	54	1	3	23.0	0	Titanic	8	3.0
775	776	False	3	0	18	0	0	7.0	0	Titanic	8	1.0
776	777	False	3	0	33	0	0	7.0	2	Titanic	6	1.0
777	778	True	3	1	5	0	0	12.0	0	Titanic	8	2.0
778	779	False	3	0	20	0	0	7.0	2	Titanic	8	1.0
779	780	True	1	1	43	0	1	211.0	0	Titanic	2	3.0
780	781	True	3	1	13	0	0	7.0	1	Titanic	8	2.0
781	782	True	1	1	17	1	0	57.0	0	Titanic	2	3.0
782	783	False	1	0	29	0	0	30.0	0	Titanic	4	1.0
783	784	False	3	0	19	1	2	23.0	0	Titanic	8	1.0
784	785	False	3	0	25	0	0	7.0	0	Titanic	8	1.0
785	786	False	3	0	25	0	0	7.0	0	Titanic	8	1.0
786	787	True	3	1	18	0	0	7.0	0	Titanic	8	2.0
787	788	False	3	0	8	4	1	29.0	2	Titanic	8	4.0
788	789	True	3	0	1	1	2	20.0	0	Titanic	8	4.0
789	790	False	1	0	46	0	0	79.0	1	Titanic	2	1.0
790	791	False	3	0	19	0	0	7.0	2	Titanic	8	1.0
791	792	False	2	0	16	0	0	26.0	0	Titanic	8	1.0
792	793	False	3	1	17	8	2	69.0	0	Titanic	8	2.0
793	794	False	1	0	28	0	0	30.0	1	Titanic	8	1.0
794	795	False	3	0	25	0	0	7.0	0	Titanic	8	1.0
795	796	False	2	0	39	0	0	13.0	0	Titanic	8	1.0
796	797	True	1	1	49	0	0	25.0	0	Titanic	4	5.0
797	798	True	3	1	31	0	0	8.0	0	Titanic	8	3.0
798	799	False	3	0	30	0	0	7.0	1	Titanic	8	1.0
799	800	False	3	1	30	1	1	24.0	0	Titanic	8	3.0
800	801	False	2	0	34	0	0	13.0	0	Titanic	8	1.0
801	802	True	2	1	31	1	1	26.0	0	Titanic	8	3.0
802	803	True	1	0	11	1	2	120.0	0	Titanic	2	4.0
803	804	True	3	0	0	0	1	8.0	1	Titanic	8	4.0
804	805	True	3	0	27	0	0	6.0	0	Titanic	8	1.0
805	806	False	3	0	31	0	0	7.0	0	Titanic	8	1.0
806	807	False	1	0	39	0	0	0.0	0	Titanic	1	1.0
807	808	False	3	1	18	0	0	7.0	0	Titanic	8	2.0
808	809	False	2	0	39	0	0	13.0	0	Titanic	8	1.0
809	810	True	1	1	33	1	0	53.0	0	Titanic	5	3.0
810	811	False	3	0	26	0	0	7.0	0	Titanic	8	1.0
811	812	False	3	0	39	0	0	24.0	0	Titanic	8	1.0
812	813	False	2	0	35	0	0	10.0	0	Titanic	8	1.0
813	814	False	3	1	6	4	2	31.0	0	Titanic	8	2.0
814	815	False	3	0	30	0	0	8.0	0	Titanic	8	1.0
815	816	False	1	0	21	0	0	0.0	0	Titanic	2	1.0
816	817	False	3	1	23	0	0	7.0	0	Titanic	8	2.0
817	818	False	2	0	31	1	1	37.0	1	Titanic	8	1.0
818	819	False	3	0	43	0	0	6.0	0	Titanic	8	1.0
819	820	False	3	0	10	3	2	27.0	0	Titanic	8	4.0
820	821	True	1	1	52	1	1	93.0	0	Titanic	2	3.0
821	822	True	3	0	27	0	0	8.0	0	Titanic	8	1.0
822	823	False	1	0	38	0	0	0.0	0	Titanic	8	5.0
823	824	True	3	1	27	0	1	12.0	0	Titanic	5	3.0
824	825	False	3	0	2	4	1	39.0	0	Titanic	8	4.0
825	826	False	3	0	42	0	0	6.0	2	Titanic	8	1.0
826	827	False	3	0	25	0	0	56.0	0	Titanic	8	1.0
827	828	True	2	0	1	0	2	37.0	1	Titanic	8	4.0
828	829	True	3	0	17	0	0	7.0	2	Titanic	8	1.0
829	830	True	1	1	62	0	0	80.0	0	Titanic	2	3.0
830	831	True	3	1	15	1	0	14.0	1	Titanic	8	3.0
831	832	True	2	0	0	1	1	18.0	0	Titanic	8	4.0
832	833	False	3	0	43	0	0	7.0	1	Titanic	8	1.0
833	834	False	3	0	23	0	0	7.0	0	Titanic	8	1.0
834	835	False	3	0	18	0	0	8.0	0	Titanic	8	1.0
835	836	True	1	1	39	1	1	83.0	1	Titanic	5	2.0
836	837	False	3	0	21	0	0	8.0	0	Titanic	8	1.0
837	838	False	3	0	19	0	0	8.0	0	Titanic	8	1.0
838	839	True	3	0	32	0	0	56.0	0	Titanic	8	1.0
839	840	True	1	0	41	0	0	29.0	1	Titanic	3	1.0
840	841	False	3	0	20	0	0	7.0	0	Titanic	8	1.0
841	842	False	2	0	16	0	0	10.0	0	Titanic	8	1.0
842	843	True	1	1	30	0	0	31.0	1	Titanic	8	2.0
843	844	False	3	0	34	0	0	6.0	1	Titanic	8	1.0
844	845	False	3	0	17	0	0	8.0	0	Titanic	8	1.0
845	846	False	3	0	42	0	0	7.0	0	Titanic	8	1.0
846	847	False	3	0	29	8	2	69.0	0	Titanic	8	1.0
847	848	False	3	0	35	0	0	7.0	1	Titanic	8	1.0
848	849	False	2	0	28	0	1	33.0	0	Titanic	8	5.0
849	850	True	1	1	22	1	0	89.0	1	Titanic	3	3.0
850	851	False	3	0	4	4	2	31.0	0	Titanic	8	4.0
851	852	False	3	0	74	0	0	7.0	0	Titanic	8	1.0
852	853	False	3	1	9	1	1	15.0	1	Titanic	8	2.0
853	854	True	1	1	16	0	1	39.0	0	Titanic	4	2.0
854	855	False	2	1	44	1	0	26.0	0	Titanic	8	3.0
855	856	True	3	1	18	0	1	9.0	0	Titanic	8	3.0
856	857	True	1	1	45	1	1	164.0	0	Titanic	8	3.0
857	858	True	1	0	51	0	0	26.0	0	Titanic	5	1.0
858	859	True	3	1	24	0	3	19.0	1	Titanic	8	3.0
859	860	False	3	0	23	0	0	7.0	1	Titanic	8	1.0
860	861	False	3	0	41	2	0	14.0	0	Titanic	8	1.0
861	862	False	2	0	21	1	0	11.0	0	Titanic	8	1.0
862	863	True	1	1	48	0	0	25.0	0	Titanic	4	3.0
863	864	False	3	1	33	8	2	69.0	0	Titanic	8	2.0
864	865	False	2	0	24	0	0	13.0	0	Titanic	8	1.0
865	866	True	2	1	42	0	0	13.0	0	Titanic	8	3.0
866	867	True	2	1	27	1	0	13.0	1	Titanic	8	2.0
867	868	False	1	0	31	0	0	50.0	0	Titanic	1	1.0
868	869	False	3	0	31	0	0	9.0	0	Titanic	8	1.0
869	870	True	3	0	4	1	1	11.0	0	Titanic	8	4.0
870	871	False	3	0	26	0	0	7.0	0	Titanic	8	1.0
871	872	True	1	1	47	1	1	52.0	0	Titanic	4	3.0
872	873	False	1	0	33	0	0	5.0	0	Titanic	2	1.0
873	874	False	3	0	47	0	0	9.0	0	Titanic	8	1.0
874	875	True	2	1	28	1	0	24.0	1	Titanic	8	3.0
875	876	True	3	1	15	0	0	7.0	1	Titanic	8	2.0
876	877	False	3	0	20	0	0	9.0	0	Titanic	8	1.0
877	878	False	3	0	19	0	0	7.0	0	Titanic	8	1.0
878	879	False	3	0	41	0	0	7.0	0	Titanic	8	1.0
879	880	True	1	1	56	0	1	83.0	1	Titanic	3	3.0
880	881	True	2	1	25	0	1	26.0	0	Titanic	8	3.0
881	882	False	3	0	33	0	0	7.0	0	Titanic	8	1.0
882	883	False	3	1	22	0	0	10.0	0	Titanic	8	2.0
883	884	False	2	0	28	0	0	10.0	0	Titanic	8	1.0
884	885	False	3	0	25	0	0	7.0	0	Titanic	8	1.0
885	886	False	3	1	39	0	5	29.0	2	Titanic	8	3.0
886	887	False	2	0	27	0	0	13.0	0	Titanic	8	5.0
887	888	True	1	1	19	0	0	30.0	0	Titanic	2	2.0
888	889	False	3	1	20	1	2	23.0	0	Titanic	8	2.0
889	890	True	1	0	26	0	0	30.0	1	Titanic	3	1.0
890	891	False	3	0	32	0	0	7.0	2	Titanic	8	1.0
891	1000	True	1	0	38	1	0	90.0	0	Titanic	3	0.0
